Method,dataset,seed,Train size,Number of features for test,kBET,ASW (true labels),ASW (predicted labels),ARI,NMI
scGPT,snrna,42,5439,400,0.96759941089838,0.49145567,0.5051338,0.2903631643092999,0.29794936027144997
scGPT,snrna,42,5439,800,0.9646539027982327,0.4988585,0.50269645,0.2893163035999316,0.3000745837904324
scGPT,snrna,42,5439,1200,0.9631811487481591,0.49647135,0.50389415,0.2905919285670601,0.3006623445862702
scGPT,snrna,42,5439,1600,0.9705449189985272,0.4954783,0.5011907,0.2890399793060886,0.29755253590976516
scGPT,snrna,42,5439,2000,0.9631811487481591,0.49339083,0.50273764,0.28891574255589547,0.2962576103926115
scGPT,snrna,43,5439,400,0.9587628865979382,0.4942778,0.50295585,0.2899314768252495,0.2996606629722406
scGPT,snrna,43,5439,800,0.9558173784977909,0.48732278,0.50385594,0.2900771542419366,0.29862867094490647
scGPT,snrna,43,5439,1200,0.9646539027982327,0.49659932,0.5030312,0.2897026118374354,0.2971004898056355
scGPT,snrna,43,5439,1600,0.9690721649484536,0.49178067,0.5042713,0.289169294602316,0.29812424852409886
scGPT,snrna,43,5439,2000,0.9617083946980854,0.49104932,0.5039305,0.2905396995806956,0.3013060764875293
scGPT,snrna,44,5439,400,0.946980854197349,0.49661487,0.50336796,0.2904993959473724,0.2990364050704568
scGPT,snrna,44,5439,800,0.9572901325478645,0.49516627,0.50183594,0.2907194778024958,0.2985111867642968
scGPT,snrna,44,5439,1200,0.9587628865979382,0.49314874,0.5031388,0.29031886839482973,0.2977350326872334
scGPT,snrna,44,5439,1600,0.9543446244477173,0.49669006,0.50282043,0.2897913358098083,0.2989782725851562
scGPT,snrna,44,5439,2000,0.9734904270986745,0.49157947,0.50203663,0.2902788056745565,0.2999965560782877
scGPT,snrna,45,5439,400,0.9499263622974963,0.49669713,0.5043369,0.2894622647147382,0.29795093551582436
scGPT,snrna,45,5439,800,0.9587628865979382,0.49483982,0.50496095,0.28909117738323153,0.2997219506439198
scGPT,snrna,45,5439,1200,0.9513991163475699,0.4962359,0.50423694,0.2896342923650426,0.29753719861485983
scGPT,snrna,45,5439,1600,0.9543446244477173,0.4971907,0.502595,0.2897977850093174,0.29806810516368437
scGPT,snrna,45,5439,2000,0.9631811487481591,0.49552006,0.5022636,0.28999322471818084,0.29687651510511887
scGPT,snrna,46,5439,400,0.9293078055964654,0.48401514,0.5052821,0.2910427593098547,0.29743404540405455
scGPT,snrna,46,5439,800,0.9646539027982327,0.4946048,0.502625,0.2902273513435964,0.2976777717881629
scGPT,snrna,46,5439,1200,0.9543446244477173,0.4911981,0.5023399,0.29069133263093133,0.29917634872202126
scGPT,snrna,46,5439,1600,0.96759941089838,0.49589914,0.5025978,0.2891505170564797,0.29777650814147877
scGPT,snrna,46,5439,2000,0.9690721649484536,0.49019524,0.50373846,0.2894408926276,0.29774176111644846
scGPT,snrna,42,2720,400,0.9499263622974963,0.49279395,0.5041556,0.29032360738517765,0.2982880891145732
scGPT,snrna,42,2720,800,0.9572901325478645,0.49396253,0.5031416,0.29089902931333966,0.29850489263733565
scGPT,snrna,42,2720,1200,0.9499263622974963,0.4936168,0.5028576,0.2901097081008695,0.2982222377821991
scGPT,snrna,42,2720,1600,0.9425625920471281,0.49183252,0.50177425,0.2892224454199322,0.2995217140844268
scGPT,snrna,42,2720,2000,0.9558173784977909,0.49901524,0.50108624,0.28969055487760964,0.2997205935663306
scGPT,snrna,43,2720,400,0.9646539027982327,0.48574656,0.501575,0.2892933757128178,0.29674884540173224
scGPT,snrna,43,2720,800,0.9602356406480118,0.49465558,0.5025252,0.29043279675259775,0.2983358056710185
scGPT,snrna,43,2720,1200,0.9558173784977909,0.49324414,0.5034111,0.2894318874984739,0.29816536345399136
scGPT,snrna,43,2720,1600,0.9631811487481591,0.49324992,0.5023694,0.28960344993173887,0.2979350770359502
scGPT,snrna,43,2720,2000,0.9720176730486009,0.4937006,0.5016253,0.2916579674668677,0.2980028453174883
scGPT,snrna,44,2720,400,0.9631811487481591,0.49292067,0.50232863,0.29008625500969365,0.29638669979645893
scGPT,snrna,44,2720,800,0.9631811487481591,0.4952904,0.5023455,0.2896562453387981,0.297413972046836
scGPT,snrna,44,2720,1200,0.9543446244477173,0.4949944,0.50201374,0.290955508689743,0.2982603676456376
scGPT,snrna,44,2720,1600,0.9587628865979382,0.49225157,0.50170106,0.2890158912026278,0.29725140869459776
scGPT,snrna,44,2720,2000,0.9558173784977909,0.4933696,0.5022703,0.290009412698937,0.2978809149010921
scGPT,snrna,45,2720,400,0.9513991163475699,0.4955851,0.5030703,0.2889233944508282,0.29877541101143074
scGPT,snrna,45,2720,800,0.9720176730486009,0.494584,0.50294745,0.29010093081213684,0.2974371962875217
scGPT,snrna,45,2720,1200,0.9543446244477173,0.4976797,0.5009751,0.2898986110133535,0.29839579737570565
scGPT,snrna,45,2720,1600,0.9617083946980854,0.4949869,0.50387883,0.29143520408685963,0.29785552094662776
scGPT,snrna,45,2720,2000,0.9646539027982327,0.4938472,0.5022788,0.2901973140746118,0.29732253865386193
scGPT,snrna,46,2720,400,0.9646539027982327,0.49517763,0.5011279,0.2901930833333027,0.2967172318320086
scGPT,snrna,46,2720,800,0.9602356406480118,0.49586034,0.5017914,0.29018252822081025,0.29822250787359417
scGPT,snrna,46,2720,1200,0.9690721649484536,0.49462155,0.5002429,0.29056712268597795,0.29986752184230764
scGPT,snrna,46,2720,1600,0.96759941089838,0.49499783,0.50191146,0.290163819170182,0.29821169606628045
scGPT,snrna,46,2720,2000,0.96759941089838,0.49023038,0.50208914,0.29073087926047814,0.2988325670660336
scGPT,snrna,42,1359,400,0.9440353460972017,0.49565637,0.5035182,0.2900813204863495,0.29853305785572165
scGPT,snrna,42,1359,800,0.9646539027982327,0.4873767,0.5015636,0.2900901364972362,0.2991144672113345
scGPT,snrna,42,1359,1200,0.9499263622974963,0.49526158,0.50414056,0.29027586573240644,0.29726205405176276
scGPT,snrna,42,1359,1600,0.9720176730486009,0.49744377,0.50185174,0.289402134591351,0.2985919250970597
scGPT,snrna,42,1359,2000,0.9749631811487481,0.49426582,0.5038029,0.2905023188505519,0.2976990835707027
scGPT,snrna,43,1359,400,0.96759941089838,0.49665862,0.5023549,0.29006521537568336,0.2971993491090484
scGPT,snrna,43,1359,800,0.9366715758468336,0.4903917,0.5024987,0.28881874590238443,0.298045989525463
scGPT,snrna,43,1359,1200,0.9690721649484536,0.49209023,0.50081724,0.28899968441870005,0.29826162453448934
scGPT,snrna,43,1359,1600,0.96759941089838,0.49143076,0.5033511,0.29021342515768983,0.2986871024772101
scGPT,snrna,43,1359,2000,0.9631811487481591,0.48620152,0.501868,0.29008326220634906,0.2988352719151255
scGPT,snrna,44,1359,400,0.9513991163475699,0.49263614,0.5029812,0.2899148377857709,0.2984672567466502
scGPT,snrna,44,1359,800,0.9631811487481591,0.4866857,0.5017392,0.28956191553644406,0.29805836844477185
scGPT,snrna,44,1359,1200,0.96759941089838,0.48870197,0.5021833,0.28916078934913,0.29708284690845277
scGPT,snrna,44,1359,1600,0.9646539027982327,0.49434257,0.50231475,0.2901304111777579,0.29712425725437963
scGPT,snrna,44,1359,2000,0.9455081001472754,0.49316353,0.50219774,0.2897204088071738,0.2981918033017763
scGPT,snrna,45,1359,400,0.9734904270986745,0.48815066,0.5030569,0.2889984432560131,0.2987237778713471
scGPT,snrna,45,1359,800,0.9617083946980854,0.49415696,0.5025581,0.289357391494668,0.2999049781461933
scGPT,snrna,45,1359,1200,0.9690721649484536,0.49177498,0.5024493,0.28987438411840033,0.2977968618481387
scGPT,snrna,45,1359,1600,0.9425625920471281,0.49320343,0.5014311,0.2907289624981385,0.2996174241097639
scGPT,snrna,45,1359,2000,0.9558173784977909,0.494554,0.5028251,0.28978141230003673,0.29828092921010185
scGPT,snrna,46,1359,400,0.9631811487481591,0.49335423,0.5043767,0.2899949307980805,0.2977849253311512
scGPT,snrna,46,1359,800,0.9631811487481591,0.4957869,0.5031551,0.29118733761045723,0.2990553193243326
scGPT,snrna,46,1359,1200,0.9617083946980854,0.48605216,0.50218254,0.2891569893425575,0.2969425025353051
scGPT,snrna,46,1359,1600,0.9661266568483063,0.4873118,0.50254273,0.2899503143977713,0.2991602574222252
scGPT,snrna,46,1359,2000,0.9513991163475699,0.49586755,0.5031096,0.2896260896397276,0.29666804284896553
scGPT,snrna,42,680,400,0.9602356406480118,0.4868389,0.5014041,0.28949197789151243,0.2980272668952314
scGPT,snrna,42,680,800,0.9572901325478645,0.4873673,0.5035562,0.29055560205103026,0.29864642655614776
scGPT,snrna,42,680,1200,0.9617083946980854,0.492234,0.50323814,0.288784536607271,0.29830058486322064
scGPT,snrna,42,680,1600,0.9602356406480118,0.49435505,0.5030865,0.29081688327978045,0.30074501306395
scGPT,snrna,42,680,2000,0.9587628865979382,0.49088585,0.5023312,0.2896344909484421,0.29970763969606734
scGPT,snrna,43,680,400,0.9617083946980854,0.48997182,0.50162214,0.29084721607515085,0.2977041751107139
scGPT,snrna,43,680,800,0.9617083946980854,0.4928893,0.5020749,0.29055083985244046,0.29789796739927904
scGPT,snrna,43,680,1200,0.9440353460972017,0.49270117,0.50077355,0.2905637384525808,0.2965445756166675
scGPT,snrna,43,680,1600,0.946980854197349,0.49318725,0.5016363,0.29010642129606656,0.2984310219747624
scGPT,snrna,43,680,2000,0.9705449189985272,0.4936911,0.50295943,0.28969372224528267,0.2978408141543221
scGPT,snrna,44,680,400,0.9558173784977909,0.49583086,0.5037043,0.2898522066396682,0.2983329060840998
scGPT,snrna,44,680,800,0.9455081001472754,0.4941118,0.50360787,0.2898024422142338,0.29832390898381983
scGPT,snrna,44,680,1200,0.946980854197349,0.49308965,0.502231,0.29039192324263746,0.298021450191188
scGPT,snrna,44,680,1600,0.946980854197349,0.49206936,0.5018254,0.290968258688367,0.30059152235451847
scGPT,snrna,44,680,2000,0.9705449189985272,0.48871952,0.5040575,0.29022817092433606,0.29859764395076793
scGPT,snrna,45,680,400,0.9602356406480118,0.48984742,0.5014706,0.29013055448170805,0.29660214527048034
scGPT,snrna,45,680,800,0.9705449189985272,0.49410638,0.50302947,0.29011761914897927,0.29821561526842616
scGPT,snrna,45,680,1200,0.9513991163475699,0.4968501,0.5027741,0.2893997354063273,0.29834965842706196
scGPT,snrna,45,680,1600,0.9690721649484536,0.49505624,0.50159395,0.28974012898167717,0.29757128775295816
scGPT,snrna,45,680,2000,0.9558173784977909,0.49548748,0.503429,0.28911885805358795,0.2978620950015641
scGPT,snrna,46,680,400,0.9528718703976435,0.49362648,0.50242305,0.2902085342914305,0.298313351490523
scGPT,snrna,46,680,800,0.9631811487481591,0.4963543,0.5029133,0.2903194215304448,0.29883256807217945
scGPT,snrna,46,680,1200,0.9499263622974963,0.49041831,0.50161445,0.2898098498788626,0.2990474692039337
scGPT,snrna,46,680,1600,0.9543446244477173,0.49055257,0.5024437,0.29000514907308517,0.29892380025530146
scGPT,snrna,46,680,2000,0.9572901325478645,0.49433377,0.503616,0.29022824168874006,0.2986488461329926
MultiVI,scmul,42,4560,400,0.9485815602836879,0.33935887,0.63223624,0.2890050142345298,0.3137480783542314
MultiVI,scmul,42,4560,800,0.950354609929078,0.31706655,0.63829255,0.28959126046054423,0.31880484971748313
MultiVI,scmul,42,4560,1200,0.9663120567375887,0.29512185,0.6373921,0.2898454021140137,0.3167658150402176
MultiVI,scmul,42,4560,1600,0.973404255319149,0.28825402,0.63777757,0.289683445580248,0.31837524592421884
MultiVI,scmul,42,4560,2000,0.950354609929078,0.29317358,0.6426714,0.2894010513602707,0.32306280029883544
MultiVI,scmul,43,4560,400,0.9574468085106383,0.29335034,0.646025,0.2903775194421656,0.32523565263009235
MultiVI,scmul,43,4560,800,0.9379432624113475,0.24467069,0.637944,0.2903915054524908,0.32181589002732675
MultiVI,scmul,43,4560,1200,0.9574468085106383,0.25458646,0.64519304,0.29021650905781016,0.31855840099944016
MultiVI,scmul,43,4560,1600,0.9450354609929078,0.23313889,0.658186,0.29013046765087286,0.3306127143973415
MultiVI,scmul,43,4560,2000,0.9273049645390071,0.2486938,0.6448666,0.2892179707804742,0.31868584424299584
MultiVI,scmul,44,4560,400,0.9397163120567376,0.30690986,0.63235855,0.2897395628879187,0.3215408560315672
MultiVI,scmul,44,4560,800,0.9556737588652482,0.2791401,0.63550526,0.2895344845494868,0.3234883332431592
MultiVI,scmul,44,4560,1200,0.9645390070921985,0.2727942,0.63333064,0.2894502823531709,0.32016036632460104
MultiVI,scmul,44,4560,1600,0.9432624113475178,0.30413604,0.637337,0.2890555531372709,0.31923182824757446
MultiVI,scmul,44,4560,2000,0.950354609929078,0.3070946,0.6345743,0.29009541811725625,0.32185483228397266
MultiVI,scmul,45,4560,400,0.9521276595744681,0.34490752,0.64122427,0.29176389148952364,0.32955411349153396
MultiVI,scmul,45,4560,800,0.9131205673758865,0.30011564,0.61897194,0.29081821152992576,0.32185241526112346
MultiVI,scmul,45,4560,1200,0.925531914893617,0.33639008,0.6242435,0.28934544656246436,0.31929354214444544
MultiVI,scmul,45,4560,1600,0.9468085106382979,0.34254324,0.63966477,0.2906928876663394,0.3243404228946357
MultiVI,scmul,45,4560,2000,0.9166666666666666,0.35170507,0.6337681,0.28955140760727766,0.31988446615775035
MultiVI,scmul,46,4560,400,0.9202127659574468,0.3258276,0.61026895,0.29022212231538114,0.3223817816381848
MultiVI,scmul,46,4560,800,0.8971631205673759,0.3313128,0.63645077,0.2909689238304377,0.3267100110442419
MultiVI,scmul,46,4560,1200,0.9042553191489362,0.3396709,0.63030696,0.2910692032482718,0.32713145038098534
MultiVI,scmul,46,4560,1600,0.9343971631205674,0.339907,0.63992935,0.2914526514237365,0.3276167648898294
MultiVI,scmul,46,4560,2000,0.9326241134751773,0.34516904,0.65909266,0.2924883514821628,0.3256604236130736
MultiVI,scmul,42,2280,400,0.9787234042553191,0.29536313,0.6327975,0.29001543061209606,0.32605375180169793
MultiVI,scmul,42,2280,800,0.9326241134751773,0.30389047,0.64001244,0.29001933879937414,0.31563723013181416
MultiVI,scmul,42,2280,1200,0.9468085106382979,0.29775286,0.6016523,0.28899612941042957,0.31523018360883387
MultiVI,scmul,42,2280,1600,0.9485815602836879,0.30413258,0.5979862,0.28949562275111046,0.315581694148867
MultiVI,scmul,42,2280,2000,0.9450354609929078,0.31686693,0.6137456,0.2905279154195184,0.32159731341409803
MultiVI,scmul,43,2280,400,0.9219858156028369,0.34112144,0.58276236,0.28871958051727,0.3149672312097726
MultiVI,scmul,43,2280,800,0.9680851063829787,0.32857728,0.6223594,0.28856614085393456,0.31236235803139295
MultiVI,scmul,43,2280,1200,0.9521276595744681,0.32672328,0.6116401,0.2883935255415747,0.3152718313072848
MultiVI,scmul,43,2280,1600,0.9609929078014184,0.32958597,0.6266797,0.2896036327470017,0.31624212081721603
MultiVI,scmul,43,2280,2000,0.9219858156028369,0.33697397,0.6226905,0.2899553311612131,0.32078090089407
MultiVI,scmul,44,2280,400,0.9485815602836879,0.3023777,0.6209869,0.2898266615734054,0.31638551969819084
MultiVI,scmul,44,2280,800,0.9627659574468085,0.29792678,0.63232756,0.28989783899759786,0.318957992261673
MultiVI,scmul,44,2280,1200,0.9663120567375887,0.2920361,0.6226441,0.2887881646239653,0.3180443941222336
MultiVI,scmul,44,2280,1600,0.9592198581560284,0.30280355,0.64049506,0.28956862565869546,0.31570958622366646
MultiVI,scmul,44,2280,2000,0.9592198581560284,0.31755453,0.63759136,0.2891175075980661,0.3153635695632375
MultiVI,scmul,45,2280,400,0.9308510638297872,0.32779604,0.62335676,0.2889748604388976,0.3175883679170661
MultiVI,scmul,45,2280,800,0.9485815602836879,0.36004603,0.6335088,0.2899925815751691,0.32111356914150946
MultiVI,scmul,45,2280,1200,0.9609929078014184,0.37094876,0.6267233,0.2902557335277382,0.3179574380576328
MultiVI,scmul,45,2280,1600,0.9539007092198581,0.36302972,0.62221277,0.2908087253510054,0.31706074560653996
MultiVI,scmul,45,2280,2000,0.9414893617021277,0.3606647,0.63390934,0.2903705068750014,0.3192519370846489
MultiVI,scmul,46,2280,400,0.9468085106382979,0.33743447,0.59672105,0.29063726656012406,0.3229651423353663
MultiVI,scmul,46,2280,800,0.9485815602836879,0.34245676,0.6070081,0.29131406675738275,0.32156865862231454
MultiVI,scmul,46,2280,1200,0.9397163120567376,0.3415694,0.61013526,0.2912108261643849,0.3205682424851606
MultiVI,scmul,46,2280,1600,0.9326241134751773,0.3417678,0.59992814,0.2901317007125429,0.3199604172772446
MultiVI,scmul,46,2280,2000,0.9414893617021277,0.33917356,0.6062534,0.2912999340013093,0.31962692343808513
MultiVI,scmul,42,1136,400,0.9184397163120568,0.32257465,0.61982656,0.2908688995950381,0.3236965450289693
MultiVI,scmul,42,1136,800,0.9609929078014184,0.3447801,0.62175894,0.2912747027870807,0.3197436693526071
MultiVI,scmul,42,1136,1200,0.9592198581560284,0.32422614,0.59058565,0.28930267068338317,0.32007035056133076
MultiVI,scmul,42,1136,1600,0.9574468085106383,0.334771,0.6172753,0.2903361370017541,0.3237260141465659
MultiVI,scmul,42,1136,2000,0.9485815602836879,0.33768967,0.6221719,0.28985486277101646,0.31931488087027565
MultiVI,scmul,43,1136,400,0.9539007092198581,0.34269756,0.6214635,0.28984866723249314,0.3175210580908075
MultiVI,scmul,43,1136,800,0.9450354609929078,0.35071978,0.60903555,0.2884620919325852,0.31502513179378794
MultiVI,scmul,43,1136,1200,0.9485815602836879,0.33574653,0.602496,0.2883835387864579,0.31805882849897016
MultiVI,scmul,43,1136,1600,0.9680851063829787,0.3289411,0.614786,0.28981533186571584,0.3191685313199279
MultiVI,scmul,43,1136,2000,0.9450354609929078,0.34455925,0.6382981,0.28965497626736647,0.3193905751586381
MultiVI,scmul,44,1136,400,0.9521276595744681,0.3023515,0.6516463,0.290020656083779,0.32124684270385484
MultiVI,scmul,44,1136,800,0.9485815602836879,0.3144337,0.6757232,0.2904998749117143,0.323763465757759
MultiVI,scmul,44,1136,1200,0.9468085106382979,0.3121565,0.6912761,0.2896638306301267,0.3185611338499931
MultiVI,scmul,44,1136,1600,0.9485815602836879,0.31548318,0.6458722,0.28994208257070975,0.31543316905367436
MultiVI,scmul,44,1136,2000,0.9539007092198581,0.32038152,0.64910764,0.28988350773443705,0.3213578411365561
MultiVI,scmul,45,1136,400,0.9414893617021277,0.30832094,0.6588861,0.29103134459325863,0.3287282514489413
MultiVI,scmul,45,1136,800,0.9397163120567376,0.29344013,0.6622224,0.2908627604964627,0.3261660107953696
MultiVI,scmul,45,1136,1200,0.9450354609929078,0.28881022,0.62329936,0.2908947477927105,0.33323562176633964
MultiVI,scmul,45,1136,1600,0.9539007092198581,0.2876929,0.640957,0.2903378810882383,0.3223553677553098
MultiVI,scmul,45,1136,2000,0.9450354609929078,0.29447526,0.6385883,0.29100644689304284,0.32382440690145803
MultiVI,scmul,46,1136,400,0.9485815602836879,0.38624823,0.62875426,0.29069261950587477,0.3257723872357558
MultiVI,scmul,46,1136,800,0.9397163120567376,0.36775115,0.6445439,0.2904687422632285,0.3190789572458015
MultiVI,scmul,46,1136,1200,0.9113475177304965,0.36733675,0.63741314,0.29019510424127054,0.31948057975617716
MultiVI,scmul,46,1136,1600,0.9184397163120568,0.37491104,0.6452733,0.2899222516279396,0.31969170095810856
MultiVI,scmul,46,1136,2000,0.9414893617021277,0.37340528,0.62394667,0.29028689134252345,0.3210660897512429
MultiVI,scmul,42,572,400,0.9769503546099291,0.31063235,0.62992907,0.28860174959971735,0.31627575278582587
MultiVI,scmul,42,572,800,0.975177304964539,0.32746455,0.6486113,0.2893907678199313,0.3168928276005645
MultiVI,scmul,42,572,1200,0.9521276595744681,0.31661588,0.6678225,0.28982535236017876,0.31878169433503173
MultiVI,scmul,42,572,1600,0.9574468085106383,0.32577547,0.6441472,0.2899349412932231,0.3185497348277754
MultiVI,scmul,42,572,2000,0.9379432624113475,0.32219714,0.6324385,0.28961863043416625,0.3178457256901513
MultiVI,scmul,43,572,400,0.9521276595744681,0.30545962,0.6551449,0.28858591463111055,0.31766015220246585
MultiVI,scmul,43,572,800,0.9663120567375887,0.28716078,0.642529,0.29032485128346613,0.322622935670491
MultiVI,scmul,43,572,1200,0.9663120567375887,0.35075796,0.632266,0.2911096291166166,0.3219687371594674
MultiVI,scmul,43,572,1600,0.9539007092198581,0.33009225,0.6504594,0.29028369469153986,0.3213318406533222
MultiVI,scmul,43,572,2000,0.9716312056737588,0.31762907,0.63714635,0.28993620079078497,0.31670172707094274
MultiVI,scmul,44,572,400,0.9361702127659575,0.29360542,0.635417,0.28976778974184736,0.3172770467834639
MultiVI,scmul,44,572,800,0.9627659574468085,0.3224132,0.646249,0.28967324741508044,0.31950950161291913
MultiVI,scmul,44,572,1200,0.9343971631205674,0.30305785,0.65218675,0.29004067091402147,0.3207653800666719
MultiVI,scmul,44,572,1600,0.9680851063829787,0.28764427,0.64939255,0.28921035631312864,0.3195097457029559
MultiVI,scmul,44,572,2000,0.9769503546099291,0.29852915,0.6560804,0.29022674550190153,0.3186798350810597
MultiVI,scmul,45,572,400,0.9379432624113475,0.30400005,0.65571165,0.2905572391348125,0.3217089008074853
MultiVI,scmul,45,572,800,0.9468085106382979,0.31132132,0.6552678,0.28990404429107197,0.3216076916297995
MultiVI,scmul,45,572,1200,0.9326241134751773,0.31156063,0.63849044,0.2895464213622471,0.322866673471243
MultiVI,scmul,45,572,1600,0.9414893617021277,0.3067677,0.6021377,0.28997922442233054,0.3205993862056545
MultiVI,scmul,45,572,2000,0.9379432624113475,0.30184942,0.63838243,0.28958402492096447,0.320965412707412
MultiVI,scmul,46,572,400,0.9290780141843972,0.37143078,0.6516584,0.29117371541827186,0.32234447597938615
MultiVI,scmul,46,572,800,0.9078014184397163,0.36298496,0.6527759,0.2909874289919437,0.32208041689336575
MultiVI,scmul,46,572,1200,0.9060283687943262,0.35772222,0.6268945,0.29111485593806236,0.32031777302663134
MultiVI,scmul,46,572,1600,0.8776595744680851,0.35663444,0.6325851,0.29207461986003114,0.3224760431788585
MultiVI,scmul,46,572,2000,0.9042553191489362,0.3498177,0.62251997,0.29030868183474073,0.31935258401802424
DeepTAN,snrna,42,5439,800,0.9823269513991163,0.44082722,0.7160332,0.333062430381069,0.3442746382910809
DeepTAN,snrna,46,5439,800,1.0,0.031047285,0.5738019,0.3315458755136391,0.3446279681490668
DeepTAN,snrna,44,5439,800,0.9322533136966127,0.42769378,0.6376044,0.3339556178390544,0.3452700346369401
DeepTAN,snrna,45,5439,800,0.9867452135493373,0.28618225,0.6857971,0.3321153129763506,0.3431240516071192
DeepTAN,snrna,43,5439,800,0.9617083946980854,0.40673974,0.58105046,0.3326672106903249,0.34266246978338666
DeepTAN,snrna,42,680,1200,0.8895434462444771,0.3022729,0.6389983,0.3332962491979485,0.34394265284161685
DeepTAN,snrna,46,680,1200,0.9631811487481591,0.48895854,0.587947,0.332570057385738,0.34274513574622895
DeepTAN,snrna,44,680,1200,0.9543446244477173,0.4486349,0.62534624,0.33334624761228127,0.3431993840571503
DeepTAN,snrna,45,680,1200,0.9941089837997055,0.4930357,0.62893754,0.3330501292142315,0.34379401409043464
DeepTAN,snrna,43,680,1200,0.9617083946980854,0.40783298,0.6162202,0.33270519756169,0.3432644715058976
DeepTAN,snrna,42,1359,400,0.9882179675994109,0.26232547,0.6870106,0.3332426506127513,0.34342361479050865
DeepTAN,snrna,46,1359,400,0.9617083946980854,0.25219807,0.6286477500000001,0.33301899654995587,0.3456378625345796
DeepTAN,snrna,44,1359,400,0.9896907216494846,0.31307524,0.52458304,0.3340023094551148,0.3429060417006602
DeepTAN,snrna,45,1359,400,0.96759941089838,0.3144928,0.5842458,0.3311777170746942,0.3444643220016961
DeepTAN,snrna,42,5439,2000,0.9823269513991163,0.36053383,0.6097537000000001,0.33348173109060875,0.34456717282010757
DeepTAN,snrna,46,5439,2000,0.9955817378497791,0.031584203,0.6657463,0.3339883042368048,0.3481978530749341
DeepTAN,snrna,44,5439,2000,0.9970544918998527,0.4062078,0.69098646,0.3329307527222278,0.3424166135134071
DeepTAN,snrna,45,5439,2000,0.9926362297496318,0.44251302,0.70833963,0.33350215618836215,0.3448775043285928
DeepTAN,snrna,43,5439,2000,0.9882179675994109,0.40903592,0.69603294,0.33314331230366234,0.34280599300233133
DeepTAN,snrna,42,5439,1200,0.979381443298969,0.3416869,0.7104335,0.33197828964904497,0.3435434876575155
DeepTAN,snrna,46,5439,1200,0.93519882179676,0.027286857,0.5834665,0.3337660567639728,0.34712853274460276
DeepTAN,snrna,44,5439,1200,0.9572901325478645,0.3912229,0.6700706,0.3325028968719327,0.3435950077806011
DeepTAN,snrna,45,5439,1200,1.0,0.27527988,0.67390865,0.332929002199646,0.3438159763865027
DeepTAN,snrna,43,5439,1200,0.914580265095729,0.26341432,0.61562264,0.33291488289124754,0.3436032211327456
DeepTAN,snrna,42,1359,1200,0.9779086892488954,0.38156065,0.5841946,0.33235188120973197,0.3419907071653765
DeepTAN,snrna,46,1359,1200,0.9720176730486009,0.34848088,0.5229881000000001,0.3336406260893112,0.3461388505788752
DeepTAN,snrna,44,1359,1200,0.9896907216494846,0.43190435,0.5366665,0.3318987683448716,0.34314537999653494
DeepTAN,snrna,45,1359,1200,0.9484536082474226,0.28010732,0.5072525,0.33296300547900376,0.3437020580667131
DeepTAN,snrna,43,1359,1200,0.9955817378497791,0.44468197,0.630381,0.3329515633164664,0.34281525383242245
DeepTAN,snrna,42,680,400,0.9926362297496318,0.2564721,0.69434875,0.33259284590213056,0.34437657271787003
DeepTAN,snrna,46,680,400,0.9513991163475699,0.29079038,0.7122878,0.3334616046360985,0.345544194836992
DeepTAN,snrna,44,680,400,0.9852724594992637,0.39088532,0.6381228,0.333177098642183,0.3439714124283537
DeepTAN,snrna,45,680,400,0.9808541973490427,0.4697599,0.6693683,0.3332708519020736,0.3439180240174232
DeepTAN,snrna,42,5439,1600,0.9528718703976435,0.32677734,0.7124900000000001,0.33294377401907477,0.34249457166507813
DeepTAN,snrna,46,5439,1600,0.9720176730486009,0.024748415,0.60718256,0.3331318736014288,0.34580187683289565
DeepTAN,snrna,44,5439,1600,0.9366715758468336,0.4752595,0.6704234,0.33297123989784394,0.3440256946967651
DeepTAN,snrna,45,5439,1600,0.9543446244477173,0.28597066,0.6788791,0.33309075463794197,0.3436871243846991
DeepTAN,snrna,43,5439,1600,0.9941089837997055,0.41505927,0.63723874,0.3323624719982048,0.34565678259412347
DeepTAN,snrna,42,1359,800,0.9528718703976435,0.3617639,0.5651186,0.33262937904705775,0.34271347967258353
DeepTAN,snrna,46,1359,800,0.9926362297496318,0.29964995,0.551258,0.33315889728959663,0.345994684683478
DeepTAN,snrna,44,1359,800,0.9690721649484536,0.31429064,0.5180282,0.3341854010600486,0.34365961639497694
DeepTAN,snrna,45,1359,800,0.9720176730486009,0.3587615,0.5458061,0.33283765725627673,0.3440435080994528
DeepTAN,snrna,43,1359,800,0.9617083946980854,0.39548814,0.5680874,0.3319386775986172,0.344000186393378
DeepTAN,snrna,42,2720,800,0.8807069219440353,0.15678713,0.5633932,0.3323771458251686,0.34336099184176994
DeepTAN,snrna,46,2720,800,0.9690721649484536,0.45048264,0.4991002,0.33231172988006125,0.343278683216237
DeepTAN,snrna,44,2720,800,0.9955817378497791,0.415358,0.6541795,0.3332666932343318,0.3446699274421944
DeepTAN,snrna,45,2720,800,0.9852724594992637,0.2817841,0.5247145,0.3325237759347614,0.34286226950898413
DeepTAN,snrna,43,2720,800,0.9911634756995582,0.3677795,0.5600237,0.33232705707327165,0.3430599842817537
DeepTAN,snrna,42,680,1600,0.9513991163475699,0.29840702,0.65862936,0.33316404647561687,0.343815713002189
DeepTAN,snrna,46,680,1600,0.9926362297496318,0.47071463,0.590481,0.33269098022700333,0.34337887834019265
DeepTAN,snrna,44,680,1600,0.9661266568483063,0.32532924,0.6381276,0.33416254964312364,0.345413047664408
DeepTAN,snrna,45,680,1600,0.9690721649484536,0.4655032,0.66592556,0.3327961270108992,0.3443007045022381
DeepTAN,snrna,43,680,1600,0.9823269513991163,0.42577717,0.5929379,0.3339449316382333,0.34384322378231047
DeepTAN,snrna,42,2720,1600,0.9322533136966127,0.2112447,0.55193186,0.33191833158743705,0.34275665557956725
DeepTAN,snrna,46,2720,1600,0.9646539027982327,0.49996963,0.54032993,0.3331929598418044,0.34404176196500635
DeepTAN,snrna,44,2720,1600,0.9882179675994109,0.3658702,0.6158016000000001,0.33299475989655275,0.34515741771618014
DeepTAN,snrna,45,2720,1600,0.9720176730486009,0.16322157,0.5259924500000001,0.3330609554104658,0.34389916521039454
DeepTAN,snrna,43,2720,1600,0.9837997054491899,0.47382203,0.61224556,0.33360373202367205,0.34428423040687806
DeepTAN,snrna,42,2720,2000,0.9278350515463918,0.2806738,0.59643805,0.33262514277061067,0.3432781212089926
DeepTAN,snrna,46,2720,2000,0.9882179675994109,0.48054147,0.661017,0.3328053067906475,0.34470777936322067
DeepTAN,snrna,44,2720,2000,0.9837997054491899,0.33506837,0.66452575,0.33304267646740543,0.34434421584211916
DeepTAN,snrna,45,2720,2000,0.9661266568483063,0.21701288,0.5804295,0.3332437797502219,0.34392478520892494
DeepTAN,snrna,43,2720,2000,0.9646539027982327,0.49762484,0.653765,0.33354308677807837,0.34331763013874905
DeepTAN,snrna,42,680,2000,0.9955817378497791,0.45435566,0.68134004,0.3331383361533506,0.3431860224717015
DeepTAN,snrna,46,680,2000,0.9779086892488954,0.50455475,0.5950192,0.33305093555988147,0.3442780464106752
DeepTAN,snrna,44,680,2000,0.9764359351988218,0.3302983,0.7242857,0.33223852150403854,0.34473818082023827
DeepTAN,snrna,45,680,2000,0.9970544918998527,0.46331963,0.6981998,0.3326564161887954,0.3444162798909252
DeepTAN,snrna,43,680,2000,0.9808541973490427,0.4469779,0.63000775,0.3331658337661816,0.34347797145696773
DeepTAN,snrna,42,1359,2000,0.9381443298969072,0.413338,0.6396974,0.33279768675114124,0.34224022268073456
DeepTAN,snrna,46,1359,2000,0.9867452135493373,0.28087705,0.5804022600000001,0.33388409290637683,0.3451789896794727
DeepTAN,snrna,44,1359,2000,0.9587628865979382,0.23322791,0.5240653000000001,0.332935835901674,0.34413121366206734
DeepTAN,snrna,45,1359,2000,0.9941089837997055,0.3062236,0.5978613,0.33453686239851294,0.34407275986700925
DeepTAN,snrna,43,1359,2000,0.9749631811487481,0.479799,0.7081451,0.33211324966041483,0.3431692012945975
DeepTAN,snrna,42,5439,400,0.9970544918998527,0.19472197,0.6968879,0.33291654755700456,0.34287024569225427
DeepTAN,snrna,46,5439,400,0.9631811487481591,0.032487422,0.70531696,0.335118052794621,0.34707018408982593
DeepTAN,snrna,44,5439,400,0.898379970544919,0.43676394,0.65110034,0.3330760924368714,0.342522526639417
DeepTAN,snrna,45,5439,400,0.9558173784977909,0.41525766,0.68673533,0.33258360398584963,0.34432373532221555
DeepTAN,snrna,42,2720,400,0.9985272459499264,0.13717645,0.65863395,0.332978910177852,0.3429877760771207
DeepTAN,snrna,46,2720,400,0.9955817378497791,0.43183258,0.63675904,0.3328202221751083,0.3454419286161735
DeepTAN,snrna,44,2720,400,0.9882179675994109,0.4693535,0.6568184,0.3333173158855503,0.3433134835985158
DeepTAN,snrna,45,2720,400,0.9882179675994109,0.2431682,0.5690213000000001,0.3338364192479084,0.3442136384818182
DeepTAN,snrna,42,1359,1600,0.9661266568483063,0.34905082,0.5755589,0.33284487899042337,0.3422786201685806
DeepTAN,snrna,46,1359,1600,0.9543446244477173,0.32125968,0.534813,0.3330443678740667,0.34485000656519854
DeepTAN,snrna,44,1359,1600,0.9381443298969072,0.42504886,0.5037188,0.333530229966483,0.34359950288615343
DeepTAN,snrna,45,1359,1600,0.9911634756995582,0.3740373,0.5792543,0.3330452321901022,0.34268957605263967
DeepTAN,snrna,43,1359,1600,0.9734904270986745,0.47595775,0.6593644,0.3337452729544454,0.34373497660742103
DeepTAN,snrna,42,2720,1200,0.96759941089838,0.18019098,0.6006372600000001,0.33180164811540547,0.34452133022771075
DeepTAN,snrna,46,2720,1200,0.9572901325478645,0.3241937,0.5331674,0.33299873095258625,0.34336363297292477
DeepTAN,snrna,44,2720,1200,0.96759941089838,0.40814534,0.6086275,0.33224145303182434,0.3440463223615493
DeepTAN,snrna,45,2720,1200,0.9779086892488954,0.19057736,0.53602284,0.3322364824207287,0.34331799148379266
DeepTAN,snrna,43,2720,1200,0.9882179675994109,0.47381136,0.6211284,0.3328757844019849,0.34419859031457295
DeepTAN,snrna,42,680,800,0.9425625920471281,0.34556928,0.62403876,0.3329076975628531,0.34241284996564864
DeepTAN,snrna,46,680,800,0.9808541973490427,0.45114997,0.6059619,0.33386163498210203,0.34485862723636757
DeepTAN,snrna,44,680,800,0.9661266568483063,0.38943082,0.62371034,0.33428483692880956,0.3448093106552303
DeepTAN,snrna,45,680,800,0.9970544918998527,0.4819503,0.64398486,0.3336152505457896,0.34292768231287357
DeepTAN,snrna,43,680,800,0.9631811487481591,0.44448304,0.57418776,0.3333968984072217,0.3441517013191044
DeepTAN,scmul,42,2280,800,0.9521276595744681,0.20353323,0.75521225,0.33361693980553897,0.35795893441348176
DeepTAN,scmul,46,2280,800,1.0,0.22105673,0.69744414,0.3325250900583316,0.35188521814957197
DeepTAN,scmul,44,2280,800,0.925531914893617,0.2185407,0.75952405,0.33454499597474546,0.358001177516097
DeepTAN,scmul,45,2280,800,1.0,0.28986832,0.75649285,0.3332881524605876,0.3552858705940785
DeepTAN,scmul,43,2280,800,0.9964539007092199,0.22364327,0.7548787,0.33420111129821495,0.354890654505812
DeepTAN,scmul,42,572,800,0.8652482269503546,0.17878756,0.70238525,0.33366875046058975,0.3572775725239852
DeepTAN,scmul,46,572,800,0.99822695035461,0.19782516,0.66840845,0.33238814179277304,0.35116442598179837
DeepTAN,scmul,44,572,800,0.9964539007092199,0.25440967,0.72004384,0.33370771393860976,0.35431418050163066
DeepTAN,scmul,45,572,800,0.9698581560283688,0.28865737,0.70375365,0.3340727004087161,0.3560700904438811
DeepTAN,scmul,43,572,800,0.9397163120567376,0.2556538,0.75376886,0.3332144477014672,0.35508510179301744
DeepTAN,scmul,42,2280,1600,0.9095744680851063,0.19184509,0.7447255,0.33270281699960413,0.3550770530599286
DeepTAN,scmul,46,2280,1600,0.9911347517730497,0.20796397,0.75773555,0.3331842153281388,0.3583242144073596
DeepTAN,scmul,44,2280,1600,0.9858156028368794,0.17642549,0.7593946,0.33222688416413426,0.3528602707979585
DeepTAN,scmul,45,2280,1600,0.9379432624113475,0.29750964,0.7699894,0.33270919809101923,0.35429428115718853
DeepTAN,scmul,43,2280,1600,0.9769503546099291,0.2477766,0.7571973,0.3347556798032052,0.3564843692855878
DeepTAN,scmul,42,2280,2000,0.9095744680851063,0.19308844,0.74893433,0.33262245211114333,0.35357930371676416
DeepTAN,scmul,46,2280,2000,1.0,0.20937687,0.7551045000000001,0.3326712391957581,0.35491436475164345
DeepTAN,scmul,44,2280,2000,0.99822695035461,0.17008361,0.7597283,0.3322474792762589,0.3538624551566615
DeepTAN,scmul,45,2280,2000,0.9556737588652482,0.24466711,0.7615649,0.3327395043972109,0.3556760880214644
DeepTAN,scmul,43,2280,2000,0.9468085106382979,0.24299014,0.77709776,0.3335607761808658,0.355701495965606
DeepTAN,scmul,42,1136,1600,0.9131205673758865,0.19948483,0.76035804,0.333170891300648,0.3573536024899476
DeepTAN,scmul,46,1136,1600,0.9964539007092199,0.2178298,0.72793317,0.3330710968126889,0.35612258473738756
DeepTAN,scmul,44,1136,1600,0.9964539007092199,0.18178791,0.75544924,0.33330548910680907,0.357069268808967
DeepTAN,scmul,45,1136,1600,1.0,0.2811209,0.7709826,0.3318359169325761,0.35388003592650186
DeepTAN,scmul,43,1136,1600,0.8776595744680851,0.25815734,0.7619609,0.3338341301443368,0.357972187020955
DeepTAN,scmul,42,1136,800,0.9237588652482269,0.18614861,0.74990815,0.333997435720608,0.3564175633157921
DeepTAN,scmul,46,1136,800,0.9964539007092199,0.24609566,0.69144654,0.3332661892236049,0.3562464346259238
DeepTAN,scmul,44,1136,800,0.9698581560283688,0.21910954,0.7492512,0.33491974654779283,0.3527962502078092
DeepTAN,scmul,45,1136,800,0.99822695035461,0.2923496,0.70829815,0.3351020509045039,0.35786713744002285
DeepTAN,scmul,43,1136,800,0.9432624113475178,0.25718415,0.74505085,0.3329086557819162,0.3581694801075852
DeepTAN,scmul,43,1136,400,1.0,0.36187157,0.9175869,0.3339934448113029,0.34942532258847697
DeepTAN,scmul,43,2280,400,0.9804964539007093,0.3874343,0.93661684,0.3357834494313419,0.35432508378226035
DeepTAN,scmul,42,1136,1200,0.9468085106382979,0.23532069,0.7486184,0.3334193098236505,0.3564620679384129
DeepTAN,scmul,46,1136,1200,0.99822695035461,0.20085967,0.7369742,0.3329282548213984,0.35455887888296395
DeepTAN,scmul,44,1136,1200,0.9592198581560284,0.21938631,0.7667231,0.33236911857025986,0.3536258314823956
DeepTAN,scmul,45,1136,1200,0.99822695035461,0.26732752,0.73224276,0.333783254990895,0.35393949236875966
DeepTAN,scmul,43,1136,1200,0.9911347517730497,0.2717896,0.7622413,0.33299406972823725,0.3537408819568844
DeepTAN,scmul,42,4560,800,0.9592198581560284,0.20013008,0.7597133500000001,0.3334325632401032,0.35722156442185443
DeepTAN,scmul,46,4560,800,0.9663120567375887,0.18181565,0.5870971,0.333814287401725,0.3524055183132091
DeepTAN,scmul,44,4560,800,1.0,0.18867531,0.7883320500000001,0.3343238151830304,0.36093208189217024
DeepTAN,scmul,45,4560,800,1.0,0.28623354,0.73901844,0.3331652502032609,0.35438059242941206
DeepTAN,scmul,43,4560,800,0.9485815602836879,0.21495295,0.75752765,0.3341774102296606,0.35567762985301654
DeepTAN,scmul,42,4560,2000,0.8546099290780141,0.20161629,0.7401443,0.3338786573237604,0.3565071070590212
DeepTAN,scmul,46,4560,2000,1.0,0.21860239,0.7499436,0.3332714153024912,0.3545447038050424
DeepTAN,scmul,44,4560,2000,1.0,0.19528526,0.7925693,0.33268458202083284,0.3524079862246105
DeepTAN,scmul,45,4560,2000,0.9787234042553191,0.24902686,0.7559719,0.3336734878656262,0.3556508058606785
DeepTAN,scmul,43,4560,2000,0.9804964539007093,0.23323098,0.75135046,0.33391256249086176,0.35329478802309344
DeepTAN,scmul,43,572,400,0.9095744680851063,0.19157529,0.9677989,0.33265776777269235,0.3521662470721251
DeepTAN,scmul,42,4560,1600,0.8865248226950354,0.2039141,0.7366367,0.33325560768234186,0.3560908843707286
DeepTAN,scmul,46,4560,1600,0.99822695035461,0.23664212,0.7335897,0.33177129514740916,0.35321677152206693
DeepTAN,scmul,44,4560,1600,1.0,0.20745087,0.77929026,0.3330048364986725,0.35444308738999797
DeepTAN,scmul,45,4560,1600,0.9929078014184397,0.25471532,0.7763594,0.3329453183552908,0.3533440998003455
DeepTAN,scmul,43,4560,1600,0.9485815602836879,0.21611765,0.7563788300000001,0.3346970823397621,0.35424021598091876
DeepTAN,scmul,42,1136,2000,0.9627659574468085,0.19301951,0.7423364,0.334592337724454,0.35584593536919007
DeepTAN,scmul,46,1136,2000,1.0,0.21692666,0.7420929,0.3337469982269518,0.35307651093444253
DeepTAN,scmul,44,1136,2000,1.0,0.19650841,0.74084836,0.3326684392037371,0.35618733788686857
DeepTAN,scmul,45,1136,2000,1.0,0.2718186,0.7604838,0.3325371414309246,0.3565894509956739
DeepTAN,scmul,43,1136,2000,0.9663120567375887,0.28038514,0.77051705,0.3332725679646416,0.35205312551926254
DeepTAN,scmul,42,2280,1200,0.9450354609929078,0.19439626,0.75205255,0.3337020112855354,0.3572936138860934
DeepTAN,scmul,46,2280,1200,0.9964539007092199,0.22558257,0.7525445000000001,0.33230272307476405,0.35429439715614447
DeepTAN,scmul,44,2280,1200,0.9822695035460993,0.2300694,0.7692945,0.3354233990365911,0.3593570646577394
DeepTAN,scmul,45,2280,1200,1.0,0.28428608,0.7780755,0.3334224277047801,0.3567313832705557
DeepTAN,scmul,43,2280,1200,0.9468085106382979,0.24792665,0.75635374,0.33393076913948594,0.354199355098664
DeepTAN,scmul,43,4560,400,1.0,0.16410396,1.0061611,0.3327940191893974,0.34859857579583914
DeepTAN,scmul,42,572,1200,0.9308510638297872,0.20834675,0.75826556,0.33327295237770826,0.3576502146595233
DeepTAN,scmul,46,572,1200,0.9964539007092199,0.22812882,0.7754089000000001,0.3326987244774442,0.3569179393992268
DeepTAN,scmul,44,572,1200,0.99822695035461,0.213072,0.72582245,0.3323808326505725,0.35177429371493746
DeepTAN,scmul,45,572,1200,1.0,0.27327764,0.7605143,0.33314700916963935,0.35401438078626923
DeepTAN,scmul,43,572,1200,0.9485815602836879,0.24534449,0.77197236,0.33306390459033114,0.35476061120095936
DeepTAN,scmul,42,4560,1200,0.8351063829787234,0.22919622,0.687471,0.33257477399139146,0.35658624300832115
DeepTAN,scmul,46,4560,1200,0.9858156028368794,0.23204497,0.7545094,0.3323535939710443,0.3546625350341758
DeepTAN,scmul,44,4560,1200,0.9858156028368794,0.17836455,0.77302295,0.33383507689560177,0.3568260501335922
DeepTAN,scmul,45,4560,1200,0.9840425531914894,0.27910805,0.7760833500000001,0.3333353136865546,0.3584613194661314
DeepTAN,scmul,43,4560,1200,0.9663120567375887,0.232068,0.75324696,0.33355434157491964,0.35672976547614776
DeepTAN,scmul,42,572,2000,0.8599290780141844,0.19138557,0.76681405,0.3330866232888419,0.3562260501340043
DeepTAN,scmul,46,572,2000,1.0,0.17668551,0.7539764,0.3315798300838002,0.35188414178991445
DeepTAN,scmul,44,572,2000,0.99822695035461,0.17106488,0.7413642,0.33500054256768813,0.35516710461544465
DeepTAN,scmul,45,572,2000,0.9787234042553191,0.27514422,0.76841265,0.33267621806650877,0.3547671333173212
DeepTAN,scmul,43,572,2000,0.99822695035461,0.24928886,0.7757816,0.3334871888726469,0.35155935476288797
DeepTAN,scmul,42,572,1600,0.9166666666666666,0.20193586,0.7673965,0.33383739806123536,0.3582050822293526
DeepTAN,scmul,46,572,1600,0.99822695035461,0.206141,0.7388748,0.3332629930591246,0.3567392548799792
DeepTAN,scmul,44,572,1600,0.99822695035461,0.17854843,0.7506924,0.3325062984845989,0.3539960708690703
DeepTAN,scmul,45,572,1600,1.0,0.28352082,0.7626011,0.3322387085196323,0.3511065631866645
DeepTAN,scmul,43,572,1600,0.9131205673758865,0.26017225,0.7799887,0.3325560635551807,0.3519945971052928
MultiVI,snrna,42,5439,400,0.96759941089838,0.46400583,0.6116527,0.28957739677024835,0.299455748409237
MultiVI,snrna,42,5439,800,0.9425625920471281,0.46383536,0.626827,0.29035059826836324,0.30001484495389624
MultiVI,snrna,42,5439,1200,0.9646539027982327,0.46937048,0.6408046,0.2906991004250652,0.2991095015717893
MultiVI,snrna,42,5439,1600,0.9720176730486009,0.47149673,0.6412202,0.2900613437577345,0.29963004954123296
MultiVI,snrna,42,5439,2000,0.9749631811487481,0.47448304,0.6480892,0.29028069564872616,0.2998648947772554
MultiVI,snrna,43,5439,400,0.9764359351988218,0.44234765,0.6415995,0.2906352842718825,0.2996010125772407
MultiVI,snrna,43,5439,800,0.9734904270986745,0.45789164,0.6414061,0.29002696013779317,0.2989907642115036
MultiVI,snrna,43,5439,1200,0.9646539027982327,0.47218785,0.6417124,0.29033318122520246,0.29761772634862044
MultiVI,snrna,43,5439,1600,0.96759941089838,0.48519793,0.65314424,0.2904958695416475,0.2974493793118811
MultiVI,snrna,43,5439,2000,0.9690721649484536,0.47779155,0.6462314,0.2897534004268751,0.29807634320833704
MultiVI,snrna,44,5439,400,0.9602356406480118,0.4918858,0.6282066,0.2903592474103221,0.2980934429856268
MultiVI,snrna,44,5439,800,0.9646539027982327,0.47899476,0.64402455,0.2896464178509259,0.29736356937272296
MultiVI,snrna,44,5439,1200,0.9572901325478645,0.476172,0.6317038,0.28988263094876987,0.2973229402344557
MultiVI,snrna,44,5439,1600,0.9690721649484536,0.46901262,0.6368028,0.2896432132835833,0.2972459231538629
MultiVI,snrna,44,5439,2000,0.9484536082474226,0.4729881,0.63469493,0.289854509019395,0.29701411251450005
MultiVI,snrna,45,5439,400,0.946980854197349,0.47383234,0.61971873,0.2900713305176849,0.2974094446683436
MultiVI,snrna,45,5439,800,0.9720176730486009,0.47865328,0.6270931,0.29119832371958093,0.2988333757651519
MultiVI,snrna,45,5439,1200,0.9646539027982327,0.47684863,0.62331545,0.28907355083820313,0.29934202402558874
MultiVI,snrna,45,5439,1600,0.9602356406480118,0.47856086,0.605414,0.2894865907707306,0.2990197325308228
MultiVI,snrna,45,5439,2000,0.9617083946980854,0.48219305,0.6147926,0.29057484966378394,0.29922861967539205
MultiVI,snrna,46,5439,400,0.979381443298969,0.44146958,0.62633854,0.2906231898410918,0.2974354518112298
MultiVI,snrna,46,5439,800,0.9823269513991163,0.41948405,0.6216567,0.2912928658875298,0.30034967387778805
MultiVI,snrna,46,5439,1200,0.9705449189985272,0.4250816,0.638141,0.2905553066543966,0.29902181116662097
MultiVI,snrna,46,5439,1600,0.9779086892488954,0.42070952,0.62218606,0.2902513143921823,0.2990662773377172
MultiVI,snrna,46,5439,2000,0.9720176730486009,0.4317655,0.62997305,0.29048158936120083,0.29807560790938703
MultiVI,snrna,42,2720,400,0.9263622974963182,0.47277993,0.60557616,0.2903389829258078,0.3009215193290357
MultiVI,snrna,42,2720,800,0.9484536082474226,0.47065565,0.65732473,0.2903512749754838,0.30151187515134603
MultiVI,snrna,42,2720,1200,0.9572901325478645,0.4696031,0.63549197,0.2896438426404249,0.2993336566929853
MultiVI,snrna,42,2720,1600,0.9617083946980854,0.47251913,0.65697074,0.2903760408859275,0.3002081169648253
MultiVI,snrna,42,2720,2000,0.9528718703976435,0.4704681,0.65836287,0.2907164984271873,0.30040317341966755
MultiVI,snrna,43,2720,400,0.9455081001472754,0.42400432,0.6306534,0.29038541734305406,0.2970814274279958
MultiVI,snrna,43,2720,800,0.9661266568483063,0.44832036,0.6437574,0.290720131456403,0.29864578198846176
MultiVI,snrna,43,2720,1200,0.9602356406480118,0.4604254,0.64734817,0.29014938887454256,0.29755380352085814
MultiVI,snrna,43,2720,1600,0.9617083946980854,0.47484484,0.65608054,0.29016535686332606,0.2980733718947941
MultiVI,snrna,43,2720,2000,0.9528718703976435,0.47247562,0.6484995,0.29009756852294566,0.297215693766217
MultiVI,snrna,44,2720,400,0.9779086892488954,0.49021092,0.623058,0.2899805381735316,0.29773203168329093
MultiVI,snrna,44,2720,800,0.9602356406480118,0.4832051,0.6256497,0.2892605174248376,0.2976635142706227
MultiVI,snrna,44,2720,1200,0.9690721649484536,0.48342294,0.61615664,0.29019832296580717,0.2991107011095813
MultiVI,snrna,44,2720,1600,0.96759941089838,0.4773122,0.632903,0.2903249742677119,0.29902102768903127
MultiVI,snrna,44,2720,2000,0.9440353460972017,0.48211297,0.6337533,0.28970890623125717,0.2977811887749253
MultiVI,snrna,45,2720,400,0.9631811487481591,0.469815,0.6335404,0.2894184657728321,0.2979687440675944
MultiVI,snrna,45,2720,800,0.9779086892488954,0.4801359,0.6472983,0.28992884983987627,0.29841020577543664
MultiVI,snrna,45,2720,1200,0.9499263622974963,0.47800028,0.6486797,0.2899826191233789,0.29950980229180074
MultiVI,snrna,45,2720,1600,0.9587628865979382,0.47716376,0.64010274,0.28983107634935706,0.2992049501562881
MultiVI,snrna,45,2720,2000,0.9543446244477173,0.47802275,0.64180523,0.28975585060877,0.2981714557027564
MultiVI,snrna,46,2720,400,0.9631811487481591,0.43989184,0.6323781,0.2904378080173236,0.2994915092513131
MultiVI,snrna,46,2720,800,0.9749631811487481,0.43610698,0.634637,0.2900440044535133,0.29887547082901317
MultiVI,snrna,46,2720,1200,0.9690721649484536,0.4303304,0.6402643,0.29002154526148083,0.29801999278717795
MultiVI,snrna,46,2720,1600,0.9720176730486009,0.42696154,0.6378326,0.2909379001635546,0.2994995821232273
MultiVI,snrna,46,2720,2000,0.96759941089838,0.42818955,0.6328622,0.29035868754338406,0.2992032864015113
MultiVI,snrna,42,1359,400,0.9455081001472754,0.4563102,0.59654266,0.28973968517107357,0.30012128971452684
MultiVI,snrna,42,1359,800,0.9558173784977909,0.4758558,0.64877546,0.2906456684535814,0.3014830468541581
MultiVI,snrna,42,1359,1200,0.9646539027982327,0.47517267,0.66326576,0.29111919556581406,0.300517446684023
MultiVI,snrna,42,1359,1600,0.96759941089838,0.4778322,0.6637627,0.2902780440361512,0.30036518591825856
MultiVI,snrna,42,1359,2000,0.9720176730486009,0.47428602,0.66712534,0.2906957903128536,0.3013830908923025
MultiVI,snrna,43,1359,400,0.9720176730486009,0.4093759,0.65799814,0.2896620260275408,0.30026776381513354
MultiVI,snrna,43,1359,800,0.9705449189985272,0.43425643,0.64426583,0.2900154906383893,0.29814327451913925
MultiVI,snrna,43,1359,1200,0.9749631811487481,0.4537046,0.68112415,0.29015257311693904,0.29806686760160006
MultiVI,snrna,43,1359,1600,0.9499263622974963,0.46295935,0.6762052,0.289647565571693,0.2982844121613699
MultiVI,snrna,43,1359,2000,0.9617083946980854,0.46236053,0.66106236,0.2904126542283961,0.30009451118995994
MultiVI,snrna,44,1359,400,0.9499263622974963,0.46131754,0.65124357,0.29010956519237807,0.2975574096722818
MultiVI,snrna,44,1359,800,0.9440353460972017,0.46868291,0.6426192,0.2898801134297401,0.298304983148769
MultiVI,snrna,44,1359,1200,0.9528718703976435,0.4681285,0.6552243,0.28988299830833036,0.2976790151192745
MultiVI,snrna,44,1359,1600,0.9602356406480118,0.47389713,0.6655612,0.2896319644369616,0.3001317803975099
MultiVI,snrna,44,1359,2000,0.9617083946980854,0.47724202,0.66284925,0.2902102097520767,0.29905575360771103
MultiVI,snrna,45,1359,400,0.946980854197349,0.46591282,0.6613534,0.2896538099495905,0.2983127130266058
MultiVI,snrna,45,1359,800,0.9528718703976435,0.47539273,0.66138947,0.2893322283379376,0.2976475945431682
MultiVI,snrna,45,1359,1200,0.946980854197349,0.47461843,0.67748505,0.289818697641181,0.29884010754142115
MultiVI,snrna,45,1359,1600,0.9366715758468336,0.47735283,0.67935795,0.28988207049543974,0.29896542150848515
MultiVI,snrna,45,1359,2000,0.9587628865979382,0.47578233,0.65895915,0.29020801067604834,0.29818180197841404
MultiVI,snrna,46,1359,400,0.9690721649484536,0.40777808,0.6600582,0.2911191469292949,0.30012407586478895
MultiVI,snrna,46,1359,800,0.9690721649484536,0.40737307,0.64722246,0.29058398161792376,0.2993662280904707
MultiVI,snrna,46,1359,1200,0.9558173784977909,0.41001272,0.6689762,0.2904816013697684,0.2988482634413761
MultiVI,snrna,46,1359,1600,0.96759941089838,0.41122717,0.67568386,0.29044881212777734,0.2988842173954516
MultiVI,snrna,46,1359,2000,0.96759941089838,0.41237643,0.6797812,0.29096374439453565,0.2995308409186365
MultiVI,snrna,42,680,400,0.9484536082474226,0.45320746,0.6273431,0.2915300888517497,0.29964250610960586
MultiVI,snrna,42,680,800,0.9425625920471281,0.4527338,0.6339926,0.2899298110811747,0.3005182469900423
MultiVI,snrna,42,680,1200,0.9661266568483063,0.46365255,0.64154583,0.29000990562319134,0.30027919711234996
MultiVI,snrna,42,680,1600,0.9631811487481591,0.471791,0.66034687,0.29026410813234643,0.3004105040967514
MultiVI,snrna,42,680,2000,0.9734904270986745,0.47097766,0.6625356,0.29064001207836637,0.30061350510082196
MultiVI,snrna,43,680,400,0.9734904270986745,0.42476332,0.66357106,0.289468924406265,0.2986192926966943
MultiVI,snrna,43,680,800,0.9720176730486009,0.42739367,0.661238,0.2896675226947512,0.29883991449204705
MultiVI,snrna,43,680,1200,0.9764359351988218,0.44431657,0.6776064,0.2900165216645829,0.299903162451395
MultiVI,snrna,43,680,1600,0.9734904270986745,0.44780996,0.6817062,0.28942163368218227,0.29833932252095874
MultiVI,snrna,43,680,2000,0.9734904270986745,0.44643477,0.6879711,0.28954311077561284,0.29688873694747514
MultiVI,snrna,44,680,400,0.9528718703976435,0.47793102,0.58875334,0.2906646225635993,0.3011863333333591
MultiVI,snrna,44,680,800,0.9661266568483063,0.47271812,0.6373513,0.2897506067781744,0.29771536141465826
MultiVI,snrna,44,680,1200,0.9631811487481591,0.46950382,0.6842459,0.28955658062743134,0.2986508719355811
MultiVI,snrna,44,680,1600,0.9455081001472754,0.48297554,0.68581206,0.2900744978545125,0.2991770653350465
MultiVI,snrna,44,680,2000,0.9572901325478645,0.48432046,0.6921827,0.2897551619958703,0.30068486800876776
MultiVI,snrna,45,680,400,0.9278350515463918,0.45344362,0.64623505,0.2897764877389597,0.2988448351855031
MultiVI,snrna,45,680,800,0.9366715758468336,0.4749745,0.6620066,0.2896373680767151,0.29834149446797464
MultiVI,snrna,45,680,1200,0.9396170839469808,0.4756851,0.6658267,0.28964475920205707,0.29803186786442115
MultiVI,snrna,45,680,1600,0.9204712812960235,0.47919407,0.6839438,0.28973970556350914,0.2983560914484178
MultiVI,snrna,45,680,2000,0.93519882179676,0.47955212,0.6817203,0.29033302646339865,0.29909704658395236
MultiVI,snrna,46,680,400,0.9617083946980854,0.37084785,0.64201015,0.28959224218457114,0.30067798223075193
MultiVI,snrna,46,680,800,0.979381443298969,0.3962185,0.67236274,0.2900588960359577,0.2985988961957387
MultiVI,snrna,46,680,1200,0.9705449189985272,0.414134,0.67467946,0.290861804715234,0.29970860006395916
MultiVI,snrna,46,680,1600,0.979381443298969,0.4098836,0.6716263,0.29028895202894206,0.2990875652205353
MultiVI,snrna,46,680,2000,0.9749631811487481,0.40952858,0.6700357,0.29031036947998784,0.2999956801035012
scGPT,scmul,42,4560,400,0.9343971631205674,0.4718199,0.5087717,0.29138879358514624,0.31043512203803836
scGPT,scmul,42,4560,800,0.9539007092198581,0.46668583,0.50540036,0.2900431748286041,0.3086310728737564
scGPT,scmul,42,4560,1200,0.9024822695035462,0.4726871,0.5073575,0.2913393758729874,0.3082540733453635
scGPT,scmul,42,4560,1600,0.9680851063829787,0.47171766,0.50699806,0.28884903857526395,0.310015320992118
scGPT,scmul,42,4560,2000,0.9397163120567376,0.4713477,0.50751615,0.2906997720941399,0.3076251916859204
scGPT,scmul,43,4560,400,0.9592198581560284,0.4686057,0.5048639,0.29033042310840673,0.3137730662806495
scGPT,scmul,43,4560,800,0.9609929078014184,0.47682264,0.50498986,0.2890307452190669,0.3074486705480602
scGPT,scmul,43,4560,1200,0.950354609929078,0.4670723,0.5046467,0.2902044851557995,0.31255086180775876
scGPT,scmul,43,4560,1600,0.9308510638297872,0.46692923,0.5047266,0.29032932771641357,0.31083454735579613
scGPT,scmul,43,4560,2000,0.9450354609929078,0.4704463,0.5045677,0.291001056471634,0.31035013977792464
scGPT,scmul,44,4560,400,0.975177304964539,0.4620595,0.5045829,0.2903371796772322,0.31124194219899876
scGPT,scmul,44,4560,800,0.9716312056737588,0.46829757,0.50945073,0.2903052861343347,0.30635838113708463
scGPT,scmul,44,4560,1200,0.9414893617021277,0.46181473,0.5059896,0.28902238849686546,0.30617401822438345
scGPT,scmul,44,4560,1600,0.9273049645390071,0.46970126,0.5057104,0.28956520103802985,0.3064374966820847
scGPT,scmul,44,4560,2000,0.9237588652482269,0.47081214,0.5017176,0.29111565021540653,0.31094171855396685
scGPT,scmul,45,4560,400,0.9698581560283688,0.47305572,0.50862324,0.2899121788889884,0.3068514339499661
scGPT,scmul,45,4560,800,0.9539007092198581,0.46725312,0.5046476,0.29188801215119586,0.312394942745262
scGPT,scmul,45,4560,1200,0.9361702127659575,0.4750324,0.50479347,0.29395929282634925,0.3140105381349875
scGPT,scmul,45,4560,1600,0.9308510638297872,0.47204977,0.50432926,0.29179628583019074,0.31006351596882165
scGPT,scmul,45,4560,2000,0.9680851063829787,0.47253042,0.50591546,0.290671949607605,0.30894142189519336
scGPT,scmul,46,4560,400,0.9184397163120568,0.47569263,0.5077508,0.2890165910126854,0.31281225335165036
scGPT,scmul,46,4560,800,0.9432624113475178,0.47145736,0.5061603,0.28958683553145603,0.3114711154243223
scGPT,scmul,46,4560,1200,0.9219858156028369,0.4675196,0.5056087,0.28965001503363186,0.3087308870807199
scGPT,scmul,46,4560,1600,0.9663120567375887,0.46243674,0.5092956,0.28948421072263497,0.30532378617183054
scGPT,scmul,46,4560,2000,0.9663120567375887,0.45999128,0.5046607,0.29051172400620395,0.3097211032269407
scGPT,scmul,42,2280,400,0.9343971631205674,0.4765051,0.50243485,0.2891300983534119,0.31084013624329343
scGPT,scmul,42,2280,800,0.9450354609929078,0.47734362,0.5019364,0.28979574496694155,0.3176316130387039
scGPT,scmul,42,2280,1200,0.9397163120567376,0.4791486,0.50235945,0.2892531032613466,0.3125338750497831
scGPT,scmul,42,2280,1600,0.9804964539007093,0.4711597,0.5019911,0.2908360131943563,0.31516265170598995
scGPT,scmul,42,2280,2000,0.9343971631205674,0.47809845,0.50221777,0.2901801620892248,0.3172611099974997
scGPT,scmul,43,2280,400,0.8670212765957447,0.48072338,0.504136,0.28961642990735054,0.30927724039163373
scGPT,scmul,43,2280,800,0.9663120567375887,0.48031357,0.5028522,0.28941464297981123,0.3107227555544816
scGPT,scmul,43,2280,1200,0.9308510638297872,0.47400644,0.50041,0.28948098492136815,0.3115252630152714
scGPT,scmul,43,2280,1600,0.9468085106382979,0.47934946,0.5029697,0.2908518368762093,0.31883862830939463
scGPT,scmul,43,2280,2000,0.9574468085106383,0.4750834,0.5025065,0.2902651558076377,0.32054986616349773
scGPT,scmul,44,2280,400,0.9379432624113475,0.47354892,0.5036161,0.2891571156242305,0.31388748800200966
scGPT,scmul,44,2280,800,0.9237588652482269,0.47902003,0.50215423,0.2888818025999307,0.31524233046196404
scGPT,scmul,44,2280,1200,0.8971631205673759,0.47514713,0.5032725,0.2907839942627248,0.31600735798093704
scGPT,scmul,44,2280,1600,0.9485815602836879,0.4716795,0.5031463,0.28950675086226535,0.314154005890878
scGPT,scmul,44,2280,2000,0.9379432624113475,0.47521013,0.50232005,0.2909062413822882,0.3131217851096059
scGPT,scmul,45,2280,400,0.9663120567375887,0.47479853,0.5044699,0.2921024000352408,0.31476527476107835
scGPT,scmul,45,2280,800,0.9521276595744681,0.47329873,0.5019757,0.2906026287383203,0.3151733280366939
scGPT,scmul,45,2280,1200,0.8546099290780141,0.46804345,0.5016949,0.2897535052850917,0.3167919509022604
scGPT,scmul,45,2280,1600,0.9379432624113475,0.4727024,0.5021601,0.2912021953472547,0.3129381019444706
scGPT,scmul,45,2280,2000,0.9804964539007093,0.47681138,0.50331634,0.28930204432807,0.31152142676135797
scGPT,scmul,46,2280,400,0.9680851063829787,0.47894862,0.5035815,0.2891588659412011,0.31097087567791043
scGPT,scmul,46,2280,800,0.9716312056737588,0.4808532,0.5014993,0.2907189883401779,0.31473307669440365
scGPT,scmul,46,2280,1200,0.9609929078014184,0.480288,0.50298774,0.2910122350056042,0.31566620380710275
scGPT,scmul,46,2280,1600,0.9450354609929078,0.47717184,0.5030318,0.288925033160945,0.3110757152673402
scGPT,scmul,46,2280,2000,0.9379432624113475,0.475443,0.50162894,0.28990213556122435,0.3113637019659428
scGPT,scmul,42,1136,400,0.925531914893617,0.4780141,0.5039334,0.29127445592690526,0.3172582121112426
scGPT,scmul,42,1136,800,0.9627659574468085,0.4745255,0.5042192,0.2895141359197325,0.3105521760977209
scGPT,scmul,42,1136,1200,0.9343971631205674,0.47506118,0.5024455,0.289453678952189,0.3143557950021706
scGPT,scmul,42,1136,1600,0.9273049645390071,0.47407195,0.5028411,0.2891412036669017,0.3114972010070195
scGPT,scmul,42,1136,2000,0.9822695035460993,0.47487468,0.50295246,0.2916849324441104,0.316741195932599
scGPT,scmul,43,1136,400,0.950354609929078,0.4747715,0.50405747,0.29098144869712467,0.3129553441325318
scGPT,scmul,43,1136,800,0.9273049645390071,0.47233865,0.5014588,0.2905820238701086,0.3151283955630522
scGPT,scmul,43,1136,1200,0.9432624113475178,0.47367525,0.50243014,0.29011285188793084,0.314059671373571
scGPT,scmul,43,1136,1600,0.9450354609929078,0.46850735,0.50368476,0.2912699055260488,0.3162247534404918
scGPT,scmul,43,1136,2000,0.9414893617021277,0.47466213,0.5018624,0.2888614115054813,0.3143452896530996
scGPT,scmul,44,1136,400,0.9414893617021277,0.47424057,0.5035553,0.2896433913429255,0.3149232611107905
scGPT,scmul,44,1136,800,0.9432624113475178,0.47352582,0.50379664,0.2917960389900476,0.31665598748812346
scGPT,scmul,44,1136,1200,0.9343971631205674,0.47305888,0.50360596,0.28882915915262203,0.31441544472510446
scGPT,scmul,44,1136,1600,0.9113475177304965,0.4713756,0.5025635,0.29014208270217684,0.31382842118224435
scGPT,scmul,44,1136,2000,0.9202127659574468,0.47449076,0.50336254,0.29045847335972497,0.3109111112386272
scGPT,scmul,45,1136,400,0.9574468085106383,0.47674674,0.50330544,0.2905400389302706,0.31391200152693965
scGPT,scmul,45,1136,800,0.9521276595744681,0.47732913,0.5021164,0.2908895126468511,0.31548497406101583
scGPT,scmul,45,1136,1200,0.9485815602836879,0.47826853,0.5013647,0.2917470964608135,0.3175055295635462
scGPT,scmul,45,1136,1600,0.9627659574468085,0.4768388,0.5026089,0.289956310122105,0.3151309362147712
scGPT,scmul,45,1136,2000,0.9326241134751773,0.47483194,0.5013627,0.2901640363731633,0.3120075474617918
scGPT,scmul,46,1136,400,0.9556737588652482,0.47647712,0.50293744,0.2905364574685582,0.3169510224311242
scGPT,scmul,46,1136,800,0.9361702127659575,0.4745027,0.5024805,0.28969511529721664,0.315124014945209
scGPT,scmul,46,1136,1200,0.9450354609929078,0.4699229,0.5048531,0.288544966613394,0.31067546399071033
scGPT,scmul,46,1136,1600,0.9521276595744681,0.4732701,0.50408167,0.2895613313551992,0.31097427879366224
scGPT,scmul,46,1136,2000,0.9609929078014184,0.4774646,0.50229204,0.29067115892679296,0.32139227917542373
scGPT,scmul,42,572,400,0.9273049645390071,0.4683868,0.5018641,0.2895273206277863,0.3133181924611573
scGPT,scmul,42,572,800,0.9592198581560284,0.47315836,0.5037554,0.289680004829404,0.31480698795847095
scGPT,scmul,42,572,1200,0.9521276595744681,0.47098655,0.5030762,0.2906879893571941,0.3171704612367059
scGPT,scmul,42,572,1600,0.973404255319149,0.47408706,0.50251645,0.2896695075969886,0.3134598827588067
scGPT,scmul,42,572,2000,0.9521276595744681,0.47544634,0.50209963,0.29083158248985286,0.3167926475949164
scGPT,scmul,43,572,400,0.9237588652482269,0.4807038,0.5037273,0.29105137401323583,0.31743795754083964
scGPT,scmul,43,572,800,0.9432624113475178,0.47246453,0.50296634,0.29063601069737643,0.3188052493656755
scGPT,scmul,43,572,1200,0.9556737588652482,0.46820182,0.5025306,0.2898724846523615,0.3137609762423259
scGPT,scmul,43,572,1600,0.9574468085106383,0.47283983,0.50239885,0.28995155604317857,0.31513597772809593
scGPT,scmul,43,572,2000,0.9822695035460993,0.47536486,0.5015858,0.29142527970813475,0.31725898332299074
scGPT,scmul,44,572,400,0.9609929078014184,0.47689667,0.5029699,0.2916917761080971,0.31583121138847753
scGPT,scmul,44,572,800,0.9663120567375887,0.48223892,0.50216556,0.2885547190752242,0.31310239610165386
scGPT,scmul,44,572,1200,0.9273049645390071,0.47425762,0.5030077,0.29044606960683295,0.31846547133248215
scGPT,scmul,44,572,1600,0.9078014184397163,0.4818809,0.5018928,0.2903476598159641,0.31441440601095993
scGPT,scmul,44,572,2000,0.9308510638297872,0.47830686,0.50393593,0.2901905495112863,0.31560948165599567
scGPT,scmul,45,572,400,0.9663120567375887,0.4699028,0.503269,0.2892481776366973,0.3109376237313621
scGPT,scmul,45,572,800,0.9663120567375887,0.48017064,0.5039536,0.29058209784243766,0.31356557096332494
scGPT,scmul,45,572,1200,0.9273049645390071,0.47715837,0.501491,0.2914439029949296,0.3136061984989463
scGPT,scmul,45,572,1600,0.9273049645390071,0.4752723,0.50291,0.28958468782161734,0.31199576674246826
scGPT,scmul,45,572,2000,0.9450354609929078,0.47103107,0.5035488,0.28975162963184614,0.3148812145657698
scGPT,scmul,46,572,400,0.9361702127659575,0.4728127,0.50338185,0.2898502579133479,0.31384856512260806
scGPT,scmul,46,572,800,0.9609929078014184,0.4740915,0.50282085,0.28875954444640883,0.312067215787749
scGPT,scmul,46,572,1200,0.9521276595744681,0.4726504,0.5021494,0.29098852585186624,0.3151561696723782
scGPT,scmul,46,572,1600,0.9521276595744681,0.4774512,0.50369024,0.2891754613540966,0.3182584087810084
scGPT,scmul,46,572,2000,0.9414893617021277,0.48183915,0.5045901,0.2896580120778551,0.31082084024481815
